2026-02-19 17:57,Tech Lead Databricks Data Engineer,Mitre Media,40,Skipped
2026-02-19 17:57,Senior Python Backend Developer,SKYCATCHFIRE,40,Skipped
2026-02-19 17:57,"Full-Stack Developer (6 months, extendable)","Fluence International, Inc.",40,Skipped
2026-02-19 17:57,Tech Lead Full-Stack Rails Engineer,Mitre Media,40,Skipped
2026-02-19 17:57,Content Reviewer,TELUS Digital,40,Skipped
2026-02-19 17:57,Sr/Staff AI Engineer,BNSF Railway,40,Skipped
2026-02-19 17:57,"Full-Stack Developer (6 months, extendable)","Fluence International, Inc.",50,Skipped
2026-02-19 17:57,Client Support Specialist,Clipboard Health,40,Skipped
2026-02-19 17:57,Senior Independent AI Engineer / Architect,A.Team,40,Skipped
2026-02-19 17:57,Senior Independent Software Developer,A.Team,30,Skipped
2026-02-19 17:57,Tech Lead Full-Stack Rails Engineer,Mitre Media,90,Shortlisted
2026-02-19 17:57,Tech Lead Databricks Data Engineer,Mitre Media,40,Skipped
2026-02-19 17:57,AI Trainer,Anuttacon,33,Skipped
2026-02-19 17:57,Office Assistant,Coalition Technologies ,50,Skipped
2026-02-19 17:57,iOS Developer,nooro,40,Skipped
2026-02-19 17:57,Inside Sales Contractor,"Credit Wellness, LLC",40,Skipped
2026-02-19 17:57,Senior Python Backend Developer,SKYCATCHFIRE,66,Shortlisted
2026-02-19 17:57,Content Reviewer,TELUS Digital,90,Shortlisted
2026-02-19 17:57,Freelance Writer,IAPWE,40,Skipped
2026-02-19 17:57,AI Internet Rater,Welo Data,40,Skipped
2026-02-19 17:57,Copywriter,Coalition Technologies ,90,Shortlisted
2026-02-19 17:57,Senior Amazon Brand Manager,GNO Partners,40,Skipped
2026-02-19 17:57,"Product, Platform & Enterprise Full Stack Sr/Staff Software Engineer",BNSF Railway,33,Skipped
2026-02-19 17:57,"Product, Platform & Enterprise Front End Sr/Staff Software Engineer",BNSF Railway,30,Skipped
2026-02-19 17:57,Sr/Staff AI Engineer,BNSF Railway,50,Skipped
